{"cameraMode":{"drawMode":0,"name":"Shaded","section":"Shading Mode"},"sceneLighting":true,"audioPlay":false,"sceneViewState":{"m_AlwaysRefresh":false,"showFog":true,"showSkybox":true,"showFlares":true,"showImageEffects":true,"showParticleSystems":true,"showVisualEffectGraphs":true,"m_FxEnabled":true},"in2DMode":false,"pivot":{"x":-1.163788080215454,"y":-35.06068420410156,"z":-267.523193359375},"rotation":{"x":0.40584245324134829,"y":0.0013669932959601284,"z":-0.0006177417235448957,"w":0.9139481782913208},"size":48.92793273925781,"orthographic":false}